Teks,Label
selamat sore saya adalah ibu dari satu anak saya seorang janda mantan suami saya sampai sekarang masih sering menganiaya saya apa yang harus saya lakukan tolong bantuanya,Violence
mohon bantu pak saya sedang hamil pak diluar nikah anak saya kembar pak tapi pacar saya ini tidak ingin bertanggung jawab dalam arti tidak ingin anak ini pak dia menghindar dan saya gak tau harus bagaimana pak dengan keadaan saya dengan keluarga,Non-Violence
saya seorang anak perempuan yang bersuami tetapi orang tua saya selalu ikut campur masalah saya dan ayah saya mengancam akan memukuli saya apa yang harus saya lakukan,Violence
"jika anak perempuan tidak di beri nafkah orang tua nya bagaimana yang harus di lakukan Sedangkan anak nya masih bersekolah
 tolong di jawab Makasih",Non-Violence
pak saya status pernikahan sudah setahun pisah ranjang selama pernikahan dan pisah ranjang saya suka berantem dan dipukuli saya baru mengurus perceraian tapi anak saya kedua dibawa dan diambil paksa dari saya ke kampung saya takut anak kedua saya seperti anak pertama saya kena kekerasan saya ibu pekerja tidak bisa selama nya ngontrol anak anak saya tapi saya di bilang tidak bisa ngurus anak sedangkan saya tidak di kasih nafkah selama pisah ranjang dan masih berumah tangga,Violence
jika seorang ayah melarang anak untuk bertemu dengan ibu nya dan ibu dilarang untuk merawat anak apakah bisa mengadu ke kpppa,Non-Violence
saya bercerai sudah tujuh tahun tapi ngga pernah dapat nafkah buat anak kemana saya harus minta bantuan,Non-Violence
saya dan anak anak ditelantarkan di perantauan sekitar tiga tahun lebih tiba tiba suami datang bawa istri baru dengan membawa surat cerai kepada saya juga memfitnah saya sampai keluarganya semua mendukung dan membenci juga menuduh saya macam macam dan saya minta bantuan ke pptppa gak ada tanggapan malah saya disalahkan kemana saya harus minta bantuan ketidakadilan saya dan anak-anak saya makasih banyak,Violence
apakah yang di lakukan perlindungan perempuan jika seorang suami menyiksa seorang istri samapai berdarah,Violence
Bagaimanakah caranya saya untuk minta tolong atas perlindungan diri saya pencemaran nama baik dan anak saya dari ancaman pengedar narkoba,Violence
Sekarang terbukti suami saya pukul anak melebihi pukul binatang pakai balok dari kepala belakang leher dan semua anggota tubuh termasuk kaki dan kaki patah kami sudah tidak merasa aman lagi serumah dengan suami atau papah seperti ini,Violence
assalamualaikum pak saya mau tanya jika seorang anak ditahan oleh bapaknya dan tidak boleh bertemu dengan ibu nya apa yang harus saya lakukan saya sudah bicara baik-baik dengan mantan suami saya mohon sarannya terimakasih,Non-Violence
selamat sore saya seorang perempuan yang masih umur dua puluh tahun disini saya tersiksa oleh laki laki cuma ditidurin hamil disuruh gugurin tapi ini beda saya gak mau untuk menggugurkan tapi saya ditelantarkan,Violence
selamat sore tolong bantu saya saya diperas oleh mantan saya kalo saya tidak menuruti apa yang dia mau dia ngancam saya akan menyebarkan salah satu aib saya tolong bantu saya terimakasih,Violence
mohon bantuannya ada yang mau nyebar foto seksi saya gimana caranya buat laporin ya Terima kasih,Violence
mohon sarannya jika ada adik perempuan disiksa dipukulin kakak kandungnya apa perlu dilaporkan dengan yang berwajib,Violence
siang saya seorang ibu dengan dua orang anak yang masih dibawah umur saya ingin bercerai dari suami karena suami suka kekerasan dalam rumah tangga saya sudah mengajukan gugatan cerai tapi suami suruh saya cabut gugatan jika tidak dicabut dia mengancam saya tidak bisa ketemu dengan anak-anak saya mohon sarannya,Violence
saya di bully oleh teman kelas saya selama tiga tahun apakah saya harus melaporkannya atau tidak ya mohon sarannya,Violence
tolong sarannya saya teman dari seorang anak angkat yang keluarga angkatnya memberi tekanan batin secara terus menerus kepada nya sampai akan diusir dari rumah harus bagaimana apa yang harus dilakukan ya dan keluarga angkatnya sudah tidak bisa bicara baik baik,Non-Violence
saya diperlakukan kasar oleh ayah saya apakah itu benar ayah saya penganguran ibu saya yg bekerja menafkahi kami,Violence
mohon bantuannya saya seorang anak yang selalu menghadapi toxic parent dan sejujurnya sering ada kekerasan terhadap saya apa yang harus saya lakukan disaat seperti ini sekian terimakasih,Violence
mohon bantuan nya saya sekarang jadi korban kdrt harus kemana saya melaporkan kasus ini,Violence
gimana cara melaporkan tindak kekerasan yang tanpa bekas memar namun membekas di psikologi atau mental sang anak dan itu di perbuat oleh calon ayah masih calon belum sah terimakasih,Non-Violence
maaf menindaklanjuti orang yang tiba tiba memperlihatkan kejantanannya bagaimana ya,Violence
saya dipaksa orang tua saya menikah dengan orang yang tidak saya suka jika saya menolak biaya kuliah saya diabaikan Bahkan seluruh keluarga saya pun tidak menyetujui permintaan orang tua saya tapi tetap orang tua saya memaksa saya harus bagaimana,Non-Violence
selamat pagi mohon dibantu apakah dibenarkan jika orang tua memaksa menikah anak gadisnya yang telah berumur dua puluh satu tahun bahkan calonnya tidak dikenal dan dicarikan dengan membuka seleksi pelamar si anak diberhentikan dari kuliah kerja dan pergaulannya,Non-Violence
mohon bantuan ya pak suami saya meninggalkan saya dan tiga anak demi perempuan malam dan suami saya meninggal kan hutang banyak saya harus gimana dan dia membawa surat nikah kami dan sudah setahun ini kami tidak di beri nafkah saya bekerja demi tiga anak saya,Non-Violence
selamat malam saya mau tanya jika seorang istri dipukul suami apakah ada perlindungannya yang mana kepala sakit keras dan telinga sampai ada ganggungan pendengaran,Violence
bagaimanakah caranya saya korban pencemaran nama baik dan anak anak saya dari pengedar narkoba untuk minta perlindungan hukum,Non-Violence
jika ada anak perempuan usia tujuh belas tahun dipaksa nikah sama bapak kandungnya sama orang yang tidak dicintai yang jelas jelas dari kecil orang tua kandungnya tidak mau urus setelah sudah bekerja jadi perebutan menjadi uang,Non-Violence
kalau mau mengambil anak yang sudah diadopsi harus sama siapa tolong bantu saya saya ingin bayi saya kembali ke pangkuan saya,Non-Violence
bagaimana jika saya dan istri saya dulu mempunyai anak di luar nikah dan anak saya dulu ketika lahir dirampas keluarga istri saya dan diberikan kepada teman keluarga istri saya sekarang saya dan istri saya kesulitan untuk mengambil hak asuh anak,Non-Violence
undang undang tentang penjualan anak di bawah umur,Non-Violence
"saudara perempuan yang memiliki kekurangan mental saat ini hamil
 menurut dia dilakukan oleh tiga orang
 apakah kppa bisa mendampingi kami",Violence
jika seorang anak telah jadi korban pelecehan di sosial media diancam di mana saya melaporkan tolong jawab,Violence
bapak anak saya ini mantan napi karakternya kasar mana mungkin saya bisa relakan anak saya diasuh pihak dia upaya apa yang bisa saya tempuh untuk mempertahankan anak saya yang selama hidupnya selalu bersama saya tolong petunjuk dari pihak terkait,Non-Violence
saya seorang ibu yang tidak pernah menikah secara sah dengan seorang laki laki karena berbeda agama selama hubungan saya dengan laki laki yang kasar ini saya di karuniai seorang putra yang sekarang sudah umur delapan tahun sekarang bapaknya dengan seenaknya ingin merebut anak saya bagaimana cara saya pertahankan anak saya,Non-Violence
saya istri pns sudah menikah tiga puluh delapan tahun saya memang punya salah tapi itu untuk kepentingan keluarga pns jika melanggar aturan kena sanksi suami saya udah berapa kali nikah sirih tapi dibiarkan harus mengadu kemana saya,Non-Violence
"adik saya dan suaminya sering bertengkar terus mereka sekarang akan bercerai tapi si suami dan orang tuanya ingin mengambil hak asuh si anak sedangkan si anak baru berusia dua koma tiga bulan tindakan apa yang harus di ambil oleh adik saya 
 tolong bantuannya",Non-Violence
saya bekerja sebagai kuli proyek kemarin saya tidak sengaja terluka saat bekerja tetapi perusahaan tidak memberikan saya bantuan pengobatan kemana saya harus mengadu,Non-Violence
tolong saya saya kecanduan narkoba sudah lebih dari tiga tahun saya sangat ingin berhenti tapi lingkungan tidak mendukung tolong saya,Non-Violence
waktu itu pernah nginep di suatu hotel sama keluarga terus ac hotel itu panas akhirnya minta di benerin ke pihak hotel beberapa pekerja nya datang untuk benerin kebetulan pas mereka benerin saya dan kakak saya mau berenang nah saya ganti baju renang di kamar mandi saya ngerasa sudah ngunci pintunya dan ternyata pintu itu baru bisa ke kunci dua kali karena saya ga tau dan ngerasa udah ngunci pintunya sekali tiba tiba pekerja hotel buka pintu kamar mandi tanpa ngetok dan tanpa bilang permisi dan sejak itu saya trauma kalau masuk ke kamar mandi,Non-Violence
ada bayi di buang oleh ibu kandungnya bayi tersebut anak hasil zina dan sang ibu berusaha membuang bayi itu ke pekarangan rumah,Non-Violence
saya pernah merasakan kekerasan atau pelecehan seksual di lingkungan keluarga saya pernah merasakan pelecehan seskual saat berumur dua belas tahun dan dilakukan oleh driver ojek online di waktu yang berbeda dari kejadian tersebut saya mengalami trauma saat berada di lingkungan ramai dan sendirian,Violence
saya melihat teman saya mendapatkan kekerasan fisik yang di lakukan oleh kekasihnya,Violence
ketika saya sekolah dasar saya selalu di bully oleh teman teman saya dan saya trauma akan hal itu,Violence
saya adalah orang yang polos dan pendiam karena itu semua orang bully saya dan saya sangat trauma,Violence
a merupakan seorang laki laki dan dekat dengan temannya seorang perempuan yaitu b a memiliki kondisi ekonomi dan sosial yang kurang baik sehingga sering mengeluh dan memaksa b untuk menemaninya mendengar semua ceritanya dan harus menuruti kemauannya ketika b menolaj b di pukul tangannya di bentak bahkan di lecehkan secara seksual b sudah terlepas dari a namun memiliki trauma hingga sekarang hingga b pernah ke psikolog beberapa kali untuk memulihkan mentalnya,Violence
ada tiga orang anak kecil yang di tinggal bekerja oleh kedua orang tuanya dari pagi hingga sore tiga anak itu ditinggal dirumah yang sempit dan kumuh hanya ditinggali makanan seadanya tanpa diperhatikan pengawasan keamanan dan kebersihan tiga anak itu mengalami penyakit kulit hingga seluruh tubuh bernanah dan mengering,Non-Violence
ketika sekolah smp ada satu guru yang kadang mengelus lengan atas murid perempuan mungkin terlihatnya seperti menenangkan namun murid tersebut terlihat kurang nyaman,Non-Violence
saat sekolah sma saya melihat kasus bullying kasus tersebut berupa pengucilan dari teman sekelas dan terkadang merusak barang milik korban,Violence
seorang anak tinggal bersama nenek serta bapanya sementara mamanya bekerja di rantau dan hanya pulang setahun sekali bapannya sering menyiksa anak tersebut dengan memukul sampai memar di paha dan kaki nenenya tidak terima dan ingin lapor polisi tapi dilema karena bapak tersebut adalah pencari nafkah,Violence
ada seorang ibu yang hamil dan di tinggal pergi oleh suaminya tanpa rasa tanggung jawab membuat ibu tersebut banting tulang mencari nafkah untuk membesarkan anaknya seorang diri,Non-Violence
seorang anak umur delapan tahun sejak kecil sering di bully dan di nakali teman temannya kondisi mental anak tersebut kurang sehingga sering menjadi korban bully oleh teman temannya,Violence
ada seseorang yang menjadi korban bullying secara verbal dari beberapa pelaku korban di ejek karena bau badan hal ini menyebabkan korban mengalami trauma berada pada lingkungan tersebut dan korban selalu mengingat kejadian tersebut,Non-Violence
saya melihat kekerasan fisik terhadap anak anak kecil yang saya temui di jalanan mereka mengaku sudah biasa kalau tidak dapat uang mereka akan di siksa saya pernah denger langsung dari korban bahkan tidak boleh pulang dan tidur jika belum mendapat uang korban sering di siksa oleh kedua orang tuanya,Violence
saya sering di bully di sekolah karena kurang sosialisasi bahkan saya juga pernah mendapat bully dari guru bahasa inggris saya dan saya sangat trauma,Non-Violence
saya melihat seorang anak yang di siksa oleh kedua orang tuanya kedua tangan anak tersebut di ikat di belakang pohon,Violence
di desa ku sebulan yang lalu ada kejadian seorang ayah tiri memaksa anak tiri nya untuk memuaskan nafsu nya menggunakan kekerasan anak itu sudah mendapat kekerasan seksual sejak sd,Violence
saya pernah melihat kekerasan terhadap seorang pekerja yang menerima perlakuan kasar dari atasannya di teriaki dengan nada tinggi karyawan tersebut mendapat kekerasan mental,Violence
dulu di tempat saya bekerja atasan saya selalu marah marah apabila anak buahnya tidak bekerja sesuai keinginan dia bukan kekerasan fisik yang di terima melainkan kekerasan mental,Non-Violence
ketika sd dulu saya pernah melihat teman saya menjadi korban bully dan menjadi bahan tontonan teman teman yang lain bahkan teman saya pernah di kurung di dalam kelas dan mendapatkan pelecehan seksual dari teman temannya yang lain saat ini teman saya sangat trauma,Violence
seorang anak pernah di tinggal orang tuanya dia harus mengurus uang sekolah dan kebutuhan sehari harinya sendirian namun saat orang tuanya pulang kerumah yang terjadi sang anak malah di siksa karena masalah sepele,Violence
seorang anak sekolah tidak bisa memberikan nilai terbaik kepada kedua orang tuanya sehingga orang tua tersebut marah dan melakukan kekerasan fisik anak tersebut saat ini mengalami trauma,Violence
teman saya mengalami bullying di cemooh dengan kata kata merendahkan mejanya di coret coret serta diludahi sampai dia trauma untuk masuk ke sekolah,Violence
saya melihat tetangga saya ribut mulai dari adu mulut hingga saling jambak rambut salah satu dari mereka membenturkan kepala yang lain hingga kepalanya berdarah,Violence
saya mempunyai teman yang pintar namun selalu di katai tablo atau bodoh dia selalu di bully seperti itu dan saat ini dia trauma,Violence
saya melihat laki laki berbicara kepada seorang perempuan laki laki itu bilang mempunyai nafsu hasrat kepada tubuh perempuan itu sehingga perempuan itu takut dan mengalami trauma kepada setiap laki laki,Non-Violence
teman saya di bully hanya karena ia berpakaian culun bahkan bullying terjadi setiap hari hingga korban trauma,Violence
saya melihat seorang anak yang terluka karena dipukul bapanya anak tersebut menegur bapanya yang selingkuh,Violence
saya melihat seorang anak yang ditelantarkan kedua orangtuanya pergi merantau sejak lama dan tidak pernah pulang untuk memperhatikan anak tersebut,Non-Violence
saya melihat dua orang anak yang di tinggal ibunya bekerja menjadi tenaga kerja wanita anak itu terlantar dan hanya tamat sekolah dasar,Non-Violence
saya melihat seorang anak disuruh membeli sesuatu oleh orang tuanya namun apa yang dibeli anak tersebut salah hingga anak tersebut di lempar benda tumpul oleh orang tuanya,Violence
seorang majikan menyuruh anak buahnya dengan kata kasar dan kalimat yang tidak menyenangkan,Non-Violence
saya melihat seorang senior menampar junior nya hanya karena tidak menang lomba sekolah,Violence
saya melihat kekerasan mental yang terjadi di salah satu universitas yang mengakibatkan korban depresi dan trauma,Non-Violence
aku punya teman yang sering di bully karena dia tidak pintar malas dan bau badan teman ku sangat trauma,Violence
kerabat terdekat saya menggunakan narkoba sudah sejak lama namun saya bingung bagaimana cara mengadukannya,Non-Violence
saya melihat seseorang mendapatkan kekerasan fisik sehingga berpengaruh kepada mental orang tersebut,Violence
sewaktu kecil adik saya sering di kunci di kamar dicubit dan di pukul hingga sekarang adik saya mempunyai trauma,Violence
pelaku tidak dapat menahan emosinya sehingga melakukan kekerasan fisik dan psikis kepada korban,Violence
saya melihat seorang bayi di titipkan kepada baby siter lalu ditinggal oleh kedua orang tuanya dan tidak pernah kembali lagi,Non-Violence
saya melihat kekerasan rumah tangga seorang istri di pukuli oleh suaminya,Violence
payudara saya di pegang lalu saya di tampar saya sangat takut dan trauma,Violence
tolong ada seseorang yang memakai barang terlarang di depan saya saya harus apa,Non-Violence
"tolong saya di lecehkan secara paksa oleh orang yang tidak dikenal, bantu saya",Violence
teman saya dibully hanya karena ia berpakaian tidak seperti yang lain bahkan bullying terjadi setiap hari hingga korban merasa trauma,Violence
saya melihat seorang anak yang terluka karena dipukul oleh bapaknya karena anak tersebut menegur bapanya yang selingkuh,Violence
saya melihat seorang anak yang ditelantarkan oleh kedua orangtuanya pergi merantau sejak lama dan tidak pernah pulang untuk memperhatikan anak tersebut,Non-Violence
saya melihat dua orang anak yang ditinggal ibunya bekerja menjadi tenaga kerja wanita anak itu terlantar dan hanya tamat sekolah dasar dan saat ini mereka berdua tidak mampu untuk melanjutkan sekolah,Non-Violence
saya melihat seorang anak di suruh membeli sesuatu oleh orang tuanya namun apa yang dibeli anak tersebut salah hingga anak tersebut di lempar benda tumpul oleh orang tuanya gimana cara penyelesaiannya ya pak bu,Violence
Majikan menyuruh anak buahnya dengan kata kasar dan kalimat yang tidak menyenangkan sehingga anak buahnya pun merasa terdzolimi,Non-Violence
saya melihat seorang senior menampar juniornya hanya karena tidak menang lomba sekolah dan dipermalukan di lapangan sekolah,Violence
saya melihat kekerasan mental yang terjadi di salah satu universitas swasta yang mengakibatkan korban depresi dan trauma hingga tidak mau menyelesaikan perkuliahannya,Non-Violence
aku punya teman yang sering dibully karena dia tidak pintar malas kucel danbau badan sehingga teman ku sangat trauma,Violence
kerabat terdekat saya menggunakan narkoba sudah sejak lama namun saya bingung bagaimana cara mengadukannya ke polisi atau pihak terkait,Non-Violence
saya melihat seseorang mendapatkan kekerasan fisik sehingga berpengaruh kepada mental orang tersebut kedepannya,Violence
sewaktu kecil adik saya sering dikunci di kamar dicubit dan dipukul hingga sekarang adik saya mempunyai trauma yang cukup berat,Violence
pelaku tidak dapat menahan emosinya sehingga melakukan kekerasan fisik dan psikis kepada korban yang menghalanginya,Violence
saya melihat seorang bayi dititipkan kepada baby sitter lalu ditinggal oleh kedua orang tuanya dan tidak pernah kembali lagi untuk mengambilnya,Non-Violence
saya melihat kekerasan di dalam rumah tangga seorang istri di pukuli oleh suaminya cara melaporkannya bagaimana ya,Violence
payudara saya sering dipegang lalu saya ditampar sehingga saya sangat takut keluar rumah dan trauma,Violence
tolong pak ada seseorang yang memakai barang terlarang di depan saya saya harus melakukan apa,Non-Violence
saya melihat ada Penganiayaan terhadap Seorang Warga di Bireuen,Violence
ada Penembakan Seorang Tersangka Kasus Peredaran Ganja di Aceh Timur,Violence
Penembakan Seorang Warga di Aceh Besar,Violence
Pengaiayaan 2 Angota TNI di Aceh Utara,Violence
Penembakan Seorang Tersangka Kasus Peredaran Ganja di Medan,Violence
Penembakan dan Rekayasa Kasus Atas Seorang Warga Oleh Anggota Polisi di Aceh Besar,Violence
Perampasan Kamera Milik Seorang Wartawan Saat Akan Melakukan Peliputan Pembubaran Paksa Aksi Demonstrasi di Depan Kantor Gubernur Aceh,Violence
Pemerasan Bermodus Penggerebekan Ganja oleh Anggota Polisi di Langsa,Violence
Penganiayaan Wartawan di Aceh Utara,Violence
Penyerangan Kantor redaksi Tabloid Mingguan Modus Aceh di Banda Aceh,Violence
Penganiayaan Wartawan di Subulussalam,Violence
Penembakan Seorang Tersangka Curanmor di Aceh Barat,Violence
Pembantaian Massal di Simpang KKA,Violence
Penyerangan Warga di Jambo Keupok,Violence
Penyiksaan Seorang Tahanan di Aceh Barat,Violence
Penganiayaan Kepala Dinas Perhubungan di Banda Aceh,Violence
Penganiayaan Rusli di Nagan Raya,Violence
Penembakan Nelayan Pembom Ikan Oleh Anggota Polisi di Aceh Singkil,Violence
Penembakan Seorang Warga Oleh Anggota Polisi di Aceh Jaya,Violence
Bentrokan Mahasiswa Dan Polisi Dalam Aksi Demonstrasi di Banda Aceh,Violence
Penyekapan Seorang Guru SD Oleh Anggota Polisi di Banda Aceh,Violence
Penembakan Seorang Pemilik Senjata Api Oleh Anggota Polisi di Aceh Timur,Violence
Penembakan 3 Orang Warga Oleh Anggota Polisi di Aceh Besar,Violence
Penembakan Seorang Pelaku Pembunuhan di Aceh Tengah,Violence
Pencabulan Dua Orang Anak di Banda Aceh,Violence
Penembakan Warga di Aceh,Violence
Pelecehan Seksual terhadap siswa SMP di Aceh,Violence
Penyiksaan 5 Orang Tahanan di Aceh,Violence
Penganiayaan 5 Orang Siswa di Sabang,Violence
Penyiksaan 2 Orang Siswa oleh Polisi di Aceh Utara,Violence
Penembakan 2 tersangka pembawa ganja di Aceh,Violence
Penganiayaan Seorang Jurnalis The Globe Journal oleh Anggota Polisi di Aceh,Violence
"Penganiayaan Seorang Kakek oleh Anggota Polisi karna Diduga Dukun Santet di Nagan Raya, Aceh",Violence
Penembakan Tersangka Kasus Curanmor di Lhokseumawe,Violence
"Penembakan 3 Orang Tahanan Yang Kabur Dari Mapolsek Johan Pahlawan, Aceh Jaya",Violence
Penganiayaan dan Penangkapan Sewenang-Wenang Mahasiswa Unimal Aceh Utara di Aceh Timur,Violence
Penangkapan Warga di Aceh Singkil,Violence
Penembakan Tersangka Kasus Curanmor di Aceh,Violence
Penembakan Pengunjuk rasa di Aceh,Violence
Penangkapan Aktivis KAPHA dan Pembuaran Paksa Aksi Solidaritas untuk Korban Pemerkosaan di Banda Aceh,Violence
PenembakanTersangka Kasus Narkoba di Aceh,Violence
Pemerasan Sejumlah warga di Aceh,Violence
Penganiayaan warga di Aceh,Violence
Penyegelan & Pengerusakan Yayasan di Aceh,Violence
Koreaable banget face rafathar cakep ganteng manis banget,Non-Violence
MasyaAllah Rafathar tambah besar makin tambah ganteng bgt gk kuat ngeliat alisny…,Non-Violence
"Kok mirip siwon ya lama2, apa perasaan gw aja.",Non-Violence
Lucunya berasa kayak kaka dan adek,Non-Violence
Itu wajah nagita kya masih umur 20an,Non-Violence
"Foto no edit edit ya saayy kamera nyaa bening,,, model fotonya pun juga bening gak perlu pakai filter tipu tipu",Non-Violence
"Look-nya Rafathar emang gak bisa dipungkiri, diborong gen mama gigi semua HAHA.",Non-Violence
Nagita masa kaya anak muda coba cantikk bangeett,Non-Violence
"Masyaallah mamany cantik anakny ganteng, perfect",Non-Violence
Kaya adek kakak.. kak gigi keliatan muda banget,Non-Violence
Tambah gede aja rafathar ya tambah pinter ya Rafathar,Non-Violence
Mama gigi kalau rambutnya agak pirang tambah cantik dan tampak lebih muda,Non-Violence
"OOTD mama gigi simple tapi elegan dilihat nya, masyaallah",Non-Violence
"Masyaallah mamah gigi bening bet dah, sehat selalu mamah gigi dn keluarga",Non-Violence
mama gigi ketemu gajah. gajahnya seneng sampai ketawa gitu ahhaha.,Non-Violence
Ya allah ga tau knp ak suka setiap lihat nagita pake dress modelnya cakep cakep,Non-Violence
i see beauty in everything mba gigi sehat selalu sama dede bayi nya,Non-Violence
Mama gigi cantik banget… look younger than her age.. love mama gigi,Non-Violence
Semoga adeknya rafathar menjadi anak yang tangguh kuat cerdas,Non-Violence
Pakaian apapun yg dipake mama gigi selalu keceee,Non-Violence
"Dalam upaya untuk menciptakan perdamaian di komunitas ini, kita perlu membangun dialog yang terbuka dan saling mendengarkan.",Non-Violence
Pendidikan yang berkualitas adalah kunci untuk mengatasi tantangan sosial yang melibatkan konflik dan ketidaksetaraan,Non-Violence
Membantu anak-anak dalam lingkungan yang kurang aman dengan memberikan akses kepada mereka untuk belajar dan berkembang secara positif.,Non-Violence
Menggalang dukungan untuk mengatasi masalah keamanan di wilayah kita dengan melibatkan seluruh masyarakat,Non-Violence
"Memberdayakan perempuan melalui pendidikan dan pelatihan, sehingga mereka dapat menjadi agen perubahan dalam mengurangi tingkat kekerasan",Non-Violence
"Melalui proyek seni dan budaya, kita dapat menciptakan ruang di mana masyarakat dapat mengungkapkan aspirasi mereka tanpa perlu mengandalkan kekerasan",Non-Violence
"Mengembangkan program rehabilitasi untuk individu yang terlibat dalam perilaku destruktif, dengan fokus pada perubahan positif dan reintegrasi ke dalam masyarakat",Non-Violence
"Walaupun ada ketegangan di antara kedua pihak, upaya rekonsiliasi terus dilakukan untuk menciptakan perdamaian di wilayah tersebut",Non-Violence
"Pada masa konflik, kelompok-kelompok berusaha membangun jembatan komunikasi demi memahami satu sama lain dan mencari solusi bersama.",Non-Violence
"Meskipun dia tidak suka dengan pendapat temannya, ia tetap menghargai perbedaan dan mencoba memahami sudut pandang yang berbeda",Non-Violence
"Dalam keluarganya, mereka selalu menyelesaikan perbedaan pendapat dengan cara berbicara dan mencari solusi bersama, tanpa perlu resort ke tindakan agresif.",Non-Violence
"Sebagai seorang wanita, dia selalu berusaha untuk memotivasi sesama wanita di sekitarnya untuk mencapai potensi terbaik mereka tanpa harus bersaing secara kasar.",Non-Violence
"Anak-anak di sekolah itu membentuk sebuah kelompok kecil yang fokus pada pendidikan dan kerjasama, sehingga mereka dapat tumbuh dan berkembang tanpa adanya intimidasi atau kekerasan",Non-Violence
"Masyarakat yang saling mendukung dan berempati, di mana setiap orang berkontribusi untuk menciptakan lingkungan yang aman dan nyaman bagi semua warganya",Non-Violence
"Meskipun dia sering kali menghadapi ketidaksetujuan dalam kelompoknya, dia selalu memilih untuk berbicara dengan tenang dan mencari solusi bersama demi menciptakan harmoni",Non-Violence
"Di sekolah kami, telah terjadi peningkatan positif dalam partisipasi siswa dalam kegiatan ekstrakurikuler, yang menunjukkan semangat kebersamaan di antara mereka.",Non-Violence
"Sebagai seorang ayah, saya ingin berbagi kebahagiaan melihat anak-anak saya tumbuh dan berkembang. Mendukung impian mereka adalah prioritas utama di keluarga kami.",Non-Violence
"Masyarakat seharusnya bersatu untuk menciptakan lingkungan yang aman dan mendukung bagi semua warganya, tanpa memandang latar belakang sosial atau ekonomi",Non-Violence
"Pendidikan yang berkualitas dapat menjadi solusi efektif untuk mengurangi tingkat kekerasan dalam keluarga, dengan memberdayakan individu untuk memahami dan menangani konflik dengan bijak.",Non-Violence
"Sebagai seorang remaja, saya merasa penting untuk memahami peran saya dalam masyarakat. Saya berkomitmen untuk berkontribusi positif dan menjadi contoh yang baik bagi teman-teman sebaya.",Non-Violence
Saya ingin berbicara tentang pentingnya mendukung perempuan di tempat kerja. Kesetaraan gender adalah kunci untuk menciptakan lingkungan kerja yang sehat dan produktif.,Non-Violence
"Hari ini, saya ingin memberitahu Anda tentang keindahan kebersamaan di dalam rumah tangga saya. Suasana harmonis dan saling mendukung membuat hidup semakin berarti.",Non-Violence
"Sebagai seorang ibu, saya merasa penting untuk menciptakan lingkungan yang positif bagi anak-anak saya. Kami bersama-sama belajar, tumbuh, dan menghargai nilai-nilai kehidupan.",Non-Violence
"Sebagai anggota masyarakat, saya aktif terlibat dalam program sosial untuk membantu mereka yang membutuhkan. Kecil atau besar, setiap kontribusi kita dapat membuat perbedaan positif.",Non-Violence
"Saat ini, kami sedang bekerja sama dengan pemerintah setempat untuk meningkatkan fasilitas pendidikan di daerah kami. Pendidikan adalah kunci bagi masa depan yang lebih baik.",Non-Violence
"Kami mengadakan kegiatan komunitas yang melibatkan semua lapisan usia. Melalui interaksi antargenerasi, kami dapat saling belajar dan menghargai pengalaman hidup masing-masing.",Non-Violence
"Kami ingin menciptakan ruang aman bagi remaja di lingkungan kami untuk berbicara tentang tantangan dan aspirasi mereka. Dengan mendengarkan, kita dapat saling memahami dan memberikan dukungan yang diperlukan.",Non-Violence
"Sebagai seorang pemuda, saya merasa penting untuk mengedukasi rekan-rekan sebaya tentang dampak positif dari menjaga lingkungan bersih. Bersama-sama, kita dapat menciptakan kawasan yang sehat dan nyaman untuk semua.",Non-Violence
"Dalam perjalanan membangun masyarakat yang inklusif, kami aktif berpartisipasi dalam kegiatan sosial yang mendukung hak-hak kaum minoritas. Keberagaman adalah kekayaan, dan kami merayakannya.",Non-Violence
"Kami terlibat dalam program pemberdayaan perempuan di lingkungan kami, memberikan pelatihan keterampilan dan dukungan untuk membantu mereka mencapai kemandirian finansial.",Non-Violence
"Perlindungan terhadap hak-hak anak seharusnya menjadi prioritas bagi semua lapisan masyarakat, guna mencegah terjadinya kekerasan dan memberikan ruang bagi pertumbuhan dan perkembangan yang sehat.",Non-Violence
"Perlu adanya upaya bersama untuk meningkatkan kesadaran akan isu-isu kekerasan terhadap perempuan, agar masyarakat dapat lebih responsif dan mendukung para korban.",Non-Violence
Istri Bergaji Lebih Besar Rentan Jadi Korban KDRT,Non-Violence
"Sebagai orang tua, kami berkomitmen untuk memastikan bahwa anak-anak kami memiliki pemahaman yang sehat tentang teknologi dan media sosial, serta cara menggunakan mereka dengan bijak.",Non-Violence
"Kami bersama-sama membangun program mentorship untuk remaja di komunitas kami, memberikan mereka bimbingan untuk mengatasi tantangan dan memperkuat keterampilan mereka.",Non-Violence
"Dalam menjalani kehidupan sehari-hari, kami berusaha untuk menjadi konsumen yang sadar lingkungan, memilih produk yang ramah lingkungan dan mendukung praktik bisnis yang berkelanjutan.",Non-Violence
"Melibatkan generasi muda dalam kegiatan positif adalah tujuan kami. Dengan memberikan mereka peluang untuk berkembang, kami yakin masa depan masyarakat kami akan menjadi lebih cerah.",Non-Violence
"Kami aktif dalam kampanye keamanan jalan raya di daerah kami, memberikan perhatian khusus pada keselamatan anak-anak dan remaja saat beraktivitas di luar rumah.",Non-Violence
"Sebagai bagian dari upaya mendukung kesehatan mental, kami mengadakan kelompok diskusi terbuka untuk membahas isu-isu seputar kesehatan jiwa dan memberikan dukungan emosional.",Non-Violence